ID_Cliente,Idade,Sexo,Tempo_Como_Cliente_Meses,Frequencia_Uso,Ligacoes_Callcenter,Dias_Atraso,Assinatura,Duracao_Contrato,Total_Gasto,Meses_Ultima_Interacao,Cancelou
TR00001,23,Masculino,20,20,1,23,Basic,Quarterly,290.32,2,0
TR00002,60,Feminino,70,25,6,16,Standard,Quarterly,955.61,23,0
TR00003,20,Feminino,6,15,8,22,Basic,Annual,187.36,14,1
TR00004,50,Feminino,25,15,12,6,Standard,Monthly,533.86,9,1
TR00005,44,Feminino,42,24,9,6,Basic,Quarterly,397.61,5,0
TR00006,46,Masculino,39,9,11,22,Standard,Quarterly,632.71,18,1
TR00007,75,Masculino,33,4,11,22,Standard,Quarterly,560.01,10,1
TR00008,46,Feminino,63,5,7,8,Premium,Quarterly,1086.09,3,0
TR00009,55,Masculino,36,4,3,25,Premium,Annual,1074.3,11,1
TR00010,75,Masculino,5,23,11,21,Basic,Quarterly,198.52,10,1
TR00011,35,Feminino,27,16,2,17,Basic,Annual,299.46,22,1
TR00012,62,Masculino,72,7,9,16,Standard,Monthly,721.72,15,0
TR00013,45,Masculino,37,14,12,16,Basic,Annual,337.52,20,1
TR00014,67,Masculino,55,2,5,14,Standard,Monthly,692.93,13,0
TR00015,70,Feminino,10,4,12,4,Standard,Monthly,527.21,0,1
TR00016,68,Feminino,47,4,10,20,Premium,Monthly,1069.79,13,1
TR00017,46,Masculino,5,23,6,21,Basic,Quarterly,249.84,16,1
TR00018,26,Feminino,70,34,10,16,Premium,Quarterly,1223.22,17,0
TR00019,38,Masculino,67,7,10,19,Basic,Annual,388.29,22,1
TR00020,59,Masculino,62,29,4,0,Basic,Annual,344.31,12,0
TR00021,43,Masculino,43,27,11,3,Basic,Monthly,414.93,2,0
TR00022,24,Feminino,39,19,3,24,Premium,Quarterly,950.97,23,0
TR00023,48,Feminino,62,2,12,4,Standard,Annual,792.64,15,0
TR00024,24,Masculino,42,30,4,8,Premium,Quarterly,1024.34,22,0
TR00025,67,Masculino,15,7,2,10,Basic,Quarterly,310.74,12,1
TR00026,24,Feminino,12,34,3,21,Basic,Monthly,232.79,20,1
TR00027,21,Feminino,27,16,3,17,Basic,Quarterly,314.58,15,1
TR00028,53,Masculino,46,26,8,19,Basic,Monthly,397.23,22,1
TR00029,43,Feminino,12,10,4,26,Standard,Quarterly,509.78,10,1
TR00030,51,Masculino,50,20,11,4,Standard,Quarterly,657.64,9,1
TR00031,69,Feminino,35,31,12,20,Standard,Monthly,662.34,8,0
TR00032,37,Feminino,13,22,8,6,Premium,Quarterly,976.43,5,1
TR00033,39,Masculino,26,20,5,16,Basic,Annual,285.56,24,1
TR00034,26,Feminino,63,18,5,18,Standard,Quarterly,818.49,11,1
TR00035,70,Feminino,10,34,3,13,Standard,Monthly,549.07,14,0
TR00036,54,Masculino,30,8,5,6,Basic,Annual,245.01,20,0
TR00037,31,Feminino,67,35,2,18,Premium,Annual,1278.4,16,0
TR00038,43,Feminino,40,7,4,18,Basic,Monthly,369.93,10,1
TR00039,67,Feminino,22,16,10,13,Premium,Monthly,998.37,6,0
TR00040,58,Feminino,36,25,5,8,Basic,Annual,374.03,23,0
TR00041,24,Feminino,43,23,7,26,Basic,Monthly,351.83,9,1
TR00042,23,Feminino,26,21,10,28,Standard,Monthly,622.01,8,1
TR00043,27,Masculino,36,12,1,27,Standard,Annual,541.23,6,0
TR00044,33,Masculino,23,18,3,18,Premium,Quarterly,975.55,15,0
TR00045,32,Masculino,57,6,1,15,Standard,Monthly,860.71,7,0
TR00046,19,Masculino,36,15,11,25,Basic,Monthly,296.12,9,1
TR00047,38,Feminino,45,1,7,6,Standard,Quarterly,666.51,4,1
TR00048,63,Masculino,5,35,8,9,Basic,Annual,261.71,21,0
TR00049,75,Feminino,56,7,10,12,Standard,Annual,630.16,2,0
TR00050,46,Feminino,14,15,6,3,Premium,Quarterly,946.85,22,1
TR00051,43,Masculino,49,15,4,11,Premium,Annual,1190.7,22,1
TR00052,45,Feminino,40,21,1,18,Basic,Annual,262.66,16,0
TR00053,74,Masculino,45,31,0,28,Standard,Annual,718.0,17,1
TR00054,18,Feminino,3,30,1,29,Standard,Annual,534.75,11,1
TR00055,33,Feminino,4,34,1,25,Basic,Quarterly,217.19,1,1
TR00056,39,Feminino,68,34,1,22,Standard,Quarterly,879.02,10,0
TR00057,52,Masculino,26,10,10,8,Basic,Quarterly,397.72,13,1
TR00058,75,Feminino,28,30,4,26,Premium,Annual,977.91,16,0
TR00059,56,Masculino,34,30,12,0,Standard,Annual,707.93,5,0
TR00060,31,Masculino,49,19,1,3,Premium,Monthly,1071.4,8,0
TR00061,75,Masculino,4,23,3,21,Basic,Annual,185.81,11,1
TR00062,56,Masculino,51,5,3,16,Standard,Monthly,813.74,16,1
TR00063,50,Masculino,29,14,4,16,Standard,Monthly,591.98,16,1
TR00064,55,Feminino,18,4,1,10,Standard,Quarterly,582.03,24,0
TR00065,23,Feminino,27,17,3,26,Premium,Quarterly,1004.95,1,1
TR00066,33,Feminino,35,12,5,13,Premium,Monthly,1000.46,0,0
TR00067,62,Masculino,26,29,12,19,Basic,Quarterly,242.76,13,0
TR00068,21,Masculino,71,27,6,6,Premium,Annual,1119.02,15,0
TR00069,34,Feminino,7,9,1,28,Basic,Annual,231.33,13,1
TR00070,32,Feminino,66,15,7,25,Standard,Monthly,732.17,6,0
TR00071,21,Masculino,64,16,11,13,Premium,Monthly,1315.44,12,1
TR00072,31,Feminino,10,33,3,15,Standard,Quarterly,498.94,4,0
TR00073,48,Feminino,65,24,9,2,Premium,Annual,1227.28,23,0
TR00074,48,Masculino,52,27,12,9,Premium,Monthly,1141.7,3,1
TR00075,52,Feminino,67,22,0,26,Premium,Monthly,1047.99,9,1
TR00076,41,Masculino,64,13,0,6,Standard,Monthly,722.93,5,0
TR00077,71,Masculino,7,21,5,12,Standard,Monthly,497.59,16,1
TR00078,50,Masculino,31,17,11,3,Premium,Quarterly,1045.15,1,0
TR00079,59,Masculino,2,4,3,15,Standard,Monthly,465.61,22,1
TR00080,24,Masculino,53,31,9,27,Standard,Annual,642.2,13,1
TR00081,34,Feminino,22,23,2,10,Standard,Quarterly,571.2,3,0
TR00082,36,Feminino,1,29,7,18,Basic,Monthly,158.05,1,1
TR00083,29,Masculino,50,16,9,21,Standard,Monthly,658.39,15,1
TR00084,55,Masculino,5,8,9,3,Standard,Monthly,500.56,23,1
TR00085,63,Masculino,15,23,2,9,Standard,Annual,557.64,9,0
TR00086,53,Feminino,62,25,5,30,Premium,Quarterly,1209.29,6,0
TR00087,37,Feminino,6,13,6,28,Basic,Annual,229.21,18,1
TR00088,75,Feminino,1,31,4,9,Standard,Quarterly,529.22,18,1
TR00089,21,Masculino,28,28,4,11,Basic,Annual,258.93,12,1
TR00090,66,Masculino,27,18,11,26,Basic,Quarterly,302.71,19,1
TR00091,50,Masculino,1,25,11,22,Premium,Monthly,903.48,9,0
TR00092,49,Feminino,64,16,2,1,Premium,Quarterly,1047.83,23,0
TR00093,35,Feminino,50,30,9,19,Premium,Quarterly,1179.12,21,0
TR00094,51,Masculino,13,11,0,14,Standard,Quarterly,597.66,15,1
TR00095,35,Masculino,27,22,9,9,Standard,Monthly,615.06,17,1
TR00096,59,Masculino,41,18,6,2,Standard,Quarterly,763.48,1,1
TR00097,30,Masculino,48,20,8,11,Standard,Annual,784.37,8,1
TR00098,35,Masculino,53,18,4,12,Basic,Quarterly,362.9,18,1
TR00099,18,Masculino,11,5,7,6,Premium,Annual,916.38,16,0
TR00100,65,Feminino,57,25,6,22,Basic,Monthly,416.23,3,0
TR00101,29,Feminino,24,22,11,30,Basic,Monthly,365.81,11,1
TR00102,23,Feminino,65,26,5,1,Premium,Monthly,1101.07,0,0
TR00103,21,Masculino,13,11,2,18,Premium,Quarterly,933.94,21,1
TR00104,50,Feminino,17,14,0,24,Premium,Annual,951.85,2,0
TR00105,35,Feminino,52,24,11,12,Basic,Annual,307.13,21,1
TR00106,55,Feminino,35,4,2,16,Basic,Quarterly,371.55,17,1
TR00107,36,Feminino,20,18,4,26,Standard,Quarterly,563.06,6,0
TR00108,64,Masculino,47,34,3,17,Standard,Annual,688.0,5,0
TR00109,72,Feminino,6,10,0,7,Premium,Monthly,896.23,0,0
TR00110,51,Masculino,43,8,10,25,Standard,Annual,739.95,4,1
TR00111,45,Feminino,47,23,3,21,Premium,Monthly,1180.47,13,0
TR00112,70,Masculino,4,32,6,18,Premium,Monthly,914.97,14,1
TR00113,52,Feminino,27,2,12,16,Premium,Quarterly,1087.39,11,1
TR00114,66,Masculino,8,15,6,20,Premium,Quarterly,953.52,21,1
TR00115,19,Feminino,5,15,12,0,Basic,Quarterly,248.6,23,1
TR00116,75,Masculino,36,7,5,24,Premium,Monthly,1123.76,4,0
TR00117,30,Feminino,35,13,6,22,Standard,Monthly,627.13,6,1
TR00118,61,Masculino,35,22,2,25,Basic,Annual,288.15,2,0
TR00119,30,Feminino,53,16,1,5,Basic,Annual,340.15,14,0
TR00120,65,Feminino,38,21,11,10,Premium,Monthly,1076.85,14,1
TR00121,62,Feminino,15,22,10,26,Basic,Annual,249.69,1,1
TR00122,60,Masculino,63,24,8,7,Basic,Monthly,447.02,8,0
TR00123,47,Feminino,39,4,6,20,Premium,Annual,996.6,16,1
TR00124,23,Feminino,58,16,8,13,Standard,Annual,631.5,24,0
TR00125,36,Feminino,40,13,5,15,Standard,Monthly,649.7,16,1
TR00126,59,Masculino,65,3,6,18,Standard,Annual,718.25,5,1
TR00127,39,Masculino,7,5,8,23,Premium,Annual,927.83,22,1
TR00128,57,Masculino,45,29,10,30,Standard,Monthly,696.08,14,1
TR00129,59,Feminino,20,30,4,3,Premium,Annual,963.64,19,0
TR00130,33,Feminino,46,22,1,13,Basic,Quarterly,509.93,6,0
TR00131,55,Masculino,27,25,9,6,Basic,Annual,287.06,18,1
TR00132,24,Feminino,61,32,0,8,Premium,Annual,1067.87,15,0
TR00133,50,Feminino,52,1,9,24,Basic,Monthly,396.56,5,1
TR00134,58,Masculino,14,35,9,16,Basic,Monthly,323.63,17,1
TR00135,26,Feminino,21,27,10,11,Standard,Annual,506.07,2,0
TR00136,49,Feminino,51,33,8,13,Standard,Quarterly,701.72,14,0
TR00137,40,Masculino,3,7,6,23,Standard,Annual,491.06,18,1
TR00138,63,Feminino,38,25,12,21,Premium,Monthly,1134.08,7,1
TR00139,47,Feminino,42,13,10,17,Standard,Quarterly,630.5,9,1
TR00140,43,Masculino,19,35,10,23,Standard,Quarterly,540.28,3,1
TR00141,18,Masculino,37,31,10,21,Basic,Monthly,333.14,5,1
TR00142,32,Feminino,70,35,4,6,Basic,Quarterly,409.79,20,1
TR00143,46,Feminino,44,21,2,0,Standard,Annual,719.88,7,0
TR00144,23,Feminino,8,21,6,1,Standard,Annual,549.81,13,0
TR00145,62,Feminino,51,18,3,16,Standard,Quarterly,724.26,12,0
TR00146,32,Masculino,28,15,3,6,Premium,Annual,996.9,24,1
TR00147,71,Masculino,38,17,7,28,Standard,Annual,624.2,5,0
TR00148,28,Masculino,16,25,2,0,Basic,Monthly,224.54,3,0
TR00149,67,Masculino,71,29,0,24,Standard,Quarterly,643.98,18,1
TR00150,54,Feminino,64,1,7,29,Basic,Quarterly,365.33,7,1
TR00151,49,Feminino,51,9,1,18,Standard,Monthly,693.54,18,1
TR00152,73,Masculino,66,16,4,9,Basic,Monthly,512.26,21,1
TR00153,50,Masculino,24,32,2,10,Standard,Monthly,615.42,10,0
TR00154,44,Feminino,51,14,1,24,Standard,Quarterly,654.54,20,1
TR00155,70,Feminino,43,16,9,4,Premium,Annual,1067.78,13,0
TR00156,42,Masculino,6,12,9,20,Premium,Annual,965.74,7,1
TR00157,37,Feminino,44,35,6,21,Basic,Quarterly,387.12,21,1
TR00158,27,Feminino,35,12,9,20,Basic,Annual,324.07,14,1
TR00159,53,Masculino,64,22,8,28,Premium,Quarterly,1235.47,13,1
TR00160,70,Feminino,6,16,8,4,Basic,Annual,210.04,13,1
TR00161,37,Masculino,55,28,5,27,Standard,Quarterly,638.37,0,1
TR00162,40,Feminino,21,3,11,15,Premium,Annual,963.04,14,1
TR00163,20,Feminino,67,25,6,28,Basic,Annual,425.5,19,0
TR00164,30,Masculino,31,1,10,11,Basic,Annual,413.86,21,1
TR00165,48,Masculino,15,15,2,19,Premium,Quarterly,930.24,8,1
TR00166,24,Feminino,66,18,5,20,Basic,Monthly,421.89,3,1
TR00167,37,Feminino,43,30,7,21,Standard,Quarterly,636.06,14,1
TR00168,50,Feminino,12,20,1,18,Basic,Quarterly,225.28,4,0
TR00169,63,Masculino,69,33,12,29,Standard,Quarterly,834.4,16,1
TR00170,59,Masculino,68,12,7,18,Basic,Annual,475.61,11,1
TR00171,73,Masculino,64,17,4,17,Basic,Monthly,325.41,19,0
TR00172,55,Feminino,59,35,10,29,Standard,Quarterly,663.3,13,0
TR00173,51,Masculino,61,13,2,26,Premium,Monthly,1086.4,16,0
TR00174,59,Masculino,38,14,4,7,Basic,Annual,415.54,9,0
TR00175,28,Feminino,67,11,8,15,Basic,Monthly,560.01,17,1
TR00176,31,Masculino,11,32,12,22,Basic,Annual,302.52,21,0
TR00177,72,Feminino,26,30,5,24,Premium,Annual,969.37,12,0
TR00178,24,Feminino,32,2,9,22,Standard,Monthly,530.88,13,0
TR00179,53,Masculino,10,24,2,14,Basic,Monthly,198.53,24,1
TR00180,18,Feminino,55,4,5,23,Basic,Annual,305.56,18,1
TR00181,19,Feminino,49,17,4,18,Premium,Quarterly,1052.95,24,1
TR00182,59,Masculino,3,15,7,11,Basic,Monthly,251.76,20,1
TR00183,64,Masculino,2,28,6,11,Standard,Monthly,515.51,9,1
TR00184,19,Masculino,12,15,0,20,Standard,Annual,577.14,12,1
TR00185,62,Feminino,62,16,8,25,Premium,Annual,1201.46,0,1
TR00186,60,Masculino,70,23,11,22,Basic,Monthly,458.19,5,1
TR00187,26,Feminino,42,14,7,18,Standard,Annual,705.8,7,0
TR00188,42,Feminino,24,33,9,24,Basic,Quarterly,279.28,9,1
TR00189,34,Masculino,5,3,12,12,Premium,Annual,896.78,17,0
TR00190,27,Feminino,35,11,7,10,Standard,Quarterly,657.75,3,0
TR00191,75,Masculino,44,35,2,16,Premium,Annual,1171.08,7,0
TR00192,73,Feminino,11,3,7,14,Standard,Quarterly,512.47,5,1
TR00193,30,Masculino,31,3,2,8,Basic,Annual,300.84,23,1
TR00194,59,Masculino,20,17,1,9,Basic,Quarterly,321.91,13,0
TR00195,18,Masculino,69,28,7,3,Premium,Annual,1237.64,14,0
TR00196,48,Feminino,71,32,11,11,Standard,Annual,628.33,19,1
TR00197,52,Feminino,32,31,1,29,Standard,Monthly,594.16,21,1
TR00198,61,Masculino,44,3,1,24,Standard,Annual,747.16,3,1
TR00199,47,Feminino,43,30,7,27,Premium,Annual,1003.25,16,1
TR00200,56,Feminino,63,20,3,28,Premium,Annual,1215.83,6,0
TR00201,62,Masculino,34,28,6,1,Basic,Monthly,282.8,9,1
TR00202,39,Masculino,61,5,2,10,Premium,Quarterly,1217.23,3,1
TR00203,51,Masculino,27,8,9,18,Standard,Quarterly,669.15,18,1
TR00204,30,Feminino,32,1,4,6,Premium,Monthly,1087.38,12,1
TR00205,43,Feminino,72,15,8,17,Premium,Annual,1355.92,6,1
TR00206,61,Feminino,16,13,12,3,Standard,Quarterly,504.4,7,1
TR00207,19,Feminino,62,34,8,6,Basic,Monthly,404.32,12,0
TR00208,66,Feminino,38,10,10,30,Basic,Monthly,263.46,3,1
TR00209,62,Feminino,51,24,12,26,Standard,Quarterly,656.4,18,1
TR00210,73,Feminino,57,21,7,28,Standard,Annual,672.31,17,1
TR00211,63,Feminino,69,34,2,26,Basic,Monthly,441.23,18,0
TR00212,26,Masculino,27,13,0,19,Premium,Quarterly,1007.33,12,0
TR00213,64,Masculino,31,3,6,12,Standard,Annual,686.86,17,1
TR00214,65,Masculino,65,31,6,4,Basic,Quarterly,364.37,4,0
TR00215,40,Masculino,34,14,9,12,Basic,Quarterly,393.63,13,1
TR00216,31,Masculino,50,14,2,13,Premium,Annual,1105.87,24,1
TR00217,23,Feminino,4,20,0,1,Premium,Annual,932.6,1,0
TR00218,50,Feminino,40,5,12,4,Standard,Annual,670.06,22,1
TR00219,64,Feminino,4,4,1,21,Premium,Monthly,937.55,6,1
TR00220,58,Feminino,17,29,7,9,Basic,Annual,260.23,11,0
TR00221,27,Masculino,11,4,7,28,Basic,Monthly,201.2,6,1
TR00222,28,Feminino,59,17,1,15,Premium,Quarterly,1144.4,0,0
TR00223,63,Masculino,28,34,2,27,Basic,Quarterly,382.28,7,1
TR00224,30,Masculino,37,32,11,13,Premium,Annual,1007.19,3,0
TR00225,18,Feminino,57,33,7,0,Basic,Monthly,318.14,22,1
TR00226,73,Feminino,22,18,6,8,Standard,Annual,575.0,13,1
TR00227,52,Feminino,32,20,0,19,Standard,Monthly,646.08,22,1
TR00228,41,Feminino,26,17,0,6,Basic,Monthly,277.82,5,0
TR00229,32,Feminino,20,5,9,12,Standard,Monthly,583.58,24,1
TR00230,75,Feminino,4,17,5,12,Premium,Monthly,894.75,12,1
TR00231,73,Masculino,44,18,8,25,Basic,Annual,368.14,1,1
TR00232,66,Feminino,65,19,1,21,Standard,Annual,660.23,9,0
TR00233,74,Feminino,17,35,2,24,Basic,Quarterly,323.65,18,1
TR00234,23,Feminino,51,27,6,20,Basic,Monthly,322.94,4,0
TR00235,24,Feminino,58,23,9,28,Basic,Quarterly,454.05,8,1
TR00236,20,Masculino,62,5,10,17,Standard,Annual,754.55,21,1
TR00237,54,Feminino,38,1,7,30,Standard,Annual,653.54,7,1
TR00238,36,Feminino,27,3,4,16,Basic,Monthly,369.84,1,0
TR00239,64,Feminino,38,17,9,26,Standard,Quarterly,724.93,22,1
TR00240,62,Masculino,66,6,12,5,Standard,Annual,727.5,24,1
TR00241,52,Feminino,57,28,1,18,Premium,Annual,1089.39,16,0
TR00242,43,Feminino,61,17,5,10,Basic,Quarterly,496.15,23,1
TR00243,48,Feminino,21,11,3,16,Standard,Annual,603.24,19,1
TR00244,55,Masculino,36,10,4,25,Standard,Quarterly,558.13,14,1
TR00245,18,Feminino,39,6,4,7,Premium,Quarterly,1079.24,7,0
TR00246,36,Feminino,65,16,8,18,Standard,Monthly,835.77,6,1
TR00247,62,Feminino,18,2,10,18,Premium,Annual,973.06,23,1
TR00248,60,Feminino,37,15,5,0,Standard,Monthly,544.47,5,1
TR00249,32,Feminino,11,12,5,3,Premium,Quarterly,922.23,4,1
TR00250,40,Masculino,42,7,11,11,Standard,Quarterly,604.67,6,0
TR00251,29,Feminino,23,4,12,2,Standard,Annual,567.5,8,0
TR00252,35,Feminino,43,16,5,24,Standard,Monthly,739.1,18,1
TR00253,23,Feminino,54,17,0,12,Basic,Monthly,440.99,20,0
TR00254,54,Feminino,63,30,2,17,Standard,Annual,720.03,8,0
TR00255,37,Masculino,33,2,1,14,Standard,Quarterly,578.92,3,0
TR00256,18,Masculino,17,23,11,13,Premium,Quarterly,1046.93,2,1
TR00257,47,Feminino,14,11,1,6,Basic,Monthly,311.23,11,0
TR00258,57,Masculino,46,4,2,29,Premium,Quarterly,1104.18,6,0
TR00259,21,Masculino,6,7,9,2,Basic,Monthly,238.1,19,1
TR00260,75,Masculino,47,5,3,29,Standard,Monthly,649.49,24,1
TR00261,37,Feminino,33,31,10,2,Basic,Monthly,257.93,14,0
TR00262,33,Masculino,65,4,4,9,Premium,Quarterly,1277.8,13,0
TR00263,31,Feminino,16,27,7,8,Basic,Annual,259.49,4,1
TR00264,51,Feminino,29,9,3,28,Basic,Monthly,331.18,22,1
TR00265,57,Masculino,48,27,7,19,Standard,Monthly,745.53,11,1
TR00266,26,Feminino,56,35,10,26,Standard,Annual,803.18,9,0
TR00267,44,Masculino,17,20,0,27,Standard,Quarterly,564.75,6,0
TR00268,41,Masculino,68,26,12,16,Standard,Quarterly,636.83,13,1
TR00269,42,Masculino,18,15,4,3,Basic,Monthly,193.25,3,0
TR00270,43,Feminino,19,16,12,19,Premium,Annual,1039.17,23,1
TR00271,45,Feminino,27,25,12,8,Basic,Quarterly,313.92,2,1
TR00272,28,Masculino,30,6,1,17,Basic,Quarterly,338.98,14,1
TR00273,62,Feminino,9,19,2,30,Premium,Quarterly,952.78,3,1
TR00274,35,Masculino,46,2,4,14,Standard,Monthly,739.69,14,1
TR00275,28,Masculino,19,9,11,3,Premium,Annual,941.23,18,1
TR00276,44,Feminino,50,31,8,6,Standard,Quarterly,681.47,3,1
TR00277,38,Feminino,55,6,9,2,Basic,Quarterly,426.67,6,1
TR00278,23,Feminino,30,21,3,6,Standard,Quarterly,591.13,10,0
TR00279,71,Feminino,3,14,2,14,Premium,Quarterly,890.56,19,0
TR00280,40,Feminino,12,9,10,3,Basic,Quarterly,211.85,1,1
TR00281,59,Feminino,71,26,6,11,Standard,Quarterly,875.32,3,0
TR00282,55,Feminino,61,30,7,20,Premium,Monthly,1052.64,19,0
TR00283,72,Masculino,49,8,0,9,Basic,Annual,407.69,11,0
TR00284,61,Feminino,3,28,10,29,Basic,Quarterly,180.85,0,1
TR00285,38,Feminino,47,5,10,2,Premium,Quarterly,1062.68,23,1
TR00286,18,Feminino,23,12,4,19,Standard,Monthly,529.91,21,1
TR00287,53,Feminino,6,3,5,30,Basic,Monthly,253.56,3,1
TR00288,60,Feminino,30,13,11,25,Basic,Quarterly,336.34,22,1
TR00289,23,Masculino,40,5,2,17,Premium,Quarterly,1005.13,24,1
TR00290,24,Feminino,58,5,3,27,Basic,Monthly,378.72,22,1
TR00291,33,Masculino,9,35,7,8,Premium,Annual,939.26,4,0
TR00292,54,Masculino,43,32,8,28,Premium,Monthly,1025.17,5,1
TR00293,25,Feminino,62,4,1,15,Standard,Monthly,804.73,0,0
TR00294,34,Feminino,60,1,5,14,Standard,Monthly,801.47,24,1
TR00295,24,Masculino,46,29,5,15,Premium,Monthly,1080.21,10,1
TR00296,55,Masculino,31,4,1,2,Premium,Monthly,995.8,1,0
TR00297,49,Masculino,30,25,12,3,Standard,Annual,595.56,0,0
TR00298,30,Feminino,49,7,6,7,Premium,Annual,1017.53,14,0
TR00299,67,Masculino,71,21,0,11,Standard,Monthly,776.54,20,1
TR00300,38,Feminino,45,13,7,10,Basic,Annual,340.43,20,1
TR00301,59,Masculino,51,20,0,16,Premium,Quarterly,1032.38,17,0
TR00302,21,Feminino,66,33,2,26,Premium,Monthly,1163.88,4,0
TR00303,49,Masculino,49,13,9,15,Standard,Quarterly,686.3,9,0
TR00304,58,Masculino,2,6,8,10,Basic,Annual,159.74,17,1
TR00305,50,Feminino,4,14,5,6,Premium,Annual,868.68,19,0
TR00306,74,Feminino,20,12,1,9,Premium,Monthly,1015.49,20,0
TR00307,57,Masculino,59,16,0,22,Standard,Quarterly,611.5,15,1
TR00308,70,Feminino,12,22,6,23,Standard,Quarterly,508.23,0,0
TR00309,74,Feminino,5,19,0,0,Basic,Monthly,250.37,8,0
TR00310,40,Masculino,45,20,9,17,Premium,Annual,1031.58,15,0
TR00311,35,Masculino,23,7,2,19,Basic,Monthly,271.0,4,1
TR00312,72,Masculino,10,35,8,8,Standard,Annual,576.84,13,1
TR00313,72,Masculino,72,26,11,3,Basic,Quarterly,480.42,8,1
TR00314,59,Feminino,69,28,6,18,Basic,Annual,577.38,21,0
TR00315,47,Feminino,18,20,6,11,Standard,Quarterly,544.4,1,1
TR00316,35,Feminino,69,18,2,13,Premium,Quarterly,1197.68,1,0
TR00317,24,Masculino,71,33,10,17,Premium,Annual,1225.5,6,0
TR00318,44,Feminino,29,32,0,19,Basic,Monthly,337.18,23,0
TR00319,59,Feminino,3,25,7,9,Premium,Quarterly,863.49,1,1
TR00320,29,Feminino,65,23,4,28,Premium,Quarterly,1286.2,20,1
TR00321,36,Masculino,27,24,4,27,Standard,Annual,667.65,24,1
TR00322,28,Masculino,18,17,10,19,Standard,Annual,557.53,15,1
TR00323,20,Masculino,11,10,4,8,Basic,Monthly,296.96,19,0
TR00324,40,Masculino,29,15,12,9,Standard,Monthly,604.54,24,1
TR00325,72,Feminino,41,22,0,7,Basic,Annual,334.04,21,1
TR00326,66,Masculino,18,26,5,20,Standard,Annual,509.35,16,0
TR00327,29,Feminino,48,9,2,5,Basic,Annual,475.8,10,1
TR00328,29,Masculino,59,17,10,24,Standard,Quarterly,784.19,7,1
TR00329,49,Masculino,42,16,3,19,Basic,Annual,351.91,10,0
TR00330,24,Feminino,22,8,12,2,Standard,Annual,588.62,23,1
TR00331,62,Feminino,40,9,7,10,Basic,Annual,309.57,17,0
TR00332,62,Masculino,33,11,10,18,Premium,Monthly,1081.19,2,1
TR00333,65,Masculino,50,19,11,30,Basic,Monthly,500.21,7,1
TR00334,55,Masculino,38,12,2,18,Standard,Monthly,696.81,22,1
TR00335,26,Feminino,17,21,6,11,Standard,Monthly,549.23,0,0
TR00336,63,Masculino,16,9,5,23,Standard,Monthly,597.36,19,0
TR00337,69,Masculino,41,33,12,14,Standard,Monthly,709.98,19,0
TR00338,52,Masculino,39,26,8,22,Basic,Monthly,406.6,15,1
TR00339,39,Masculino,34,35,1,29,Standard,Monthly,551.85,16,0
TR00340,25,Feminino,68,23,1,5,Basic,Annual,398.64,5,1
TR00341,41,Masculino,13,24,1,26,Premium,Quarterly,966.38,7,0
TR00342,67,Feminino,9,1,5,3,Standard,Quarterly,504.17,7,1
TR00343,48,Feminino,44,12,6,5,Premium,Annual,1097.07,13,0
TR00344,67,Masculino,25,7,0,19,Standard,Annual,682.6,18,1
TR00345,23,Masculino,14,34,12,5,Premium,Monthly,949.47,23,1
TR00346,40,Masculino,46,3,9,9,Standard,Quarterly,669.22,3,1
TR00347,56,Feminino,6,19,8,29,Basic,Quarterly,204.95,4,1
TR00348,23,Masculino,53,25,8,21,Premium,Annual,1217.34,2,0
TR00349,58,Masculino,55,14,3,25,Standard,Quarterly,687.06,24,1
TR00350,70,Feminino,24,30,10,28,Basic,Annual,272.85,6,0
TR00351,56,Masculino,64,2,2,16,Premium,Annual,1158.34,14,1
TR00352,68,Feminino,39,30,3,13,Standard,Annual,634.92,13,0
TR00353,75,Masculino,17,5,3,23,Standard,Monthly,568.61,0,1
TR00354,46,Masculino,38,25,4,7,Basic,Quarterly,394.06,19,1
TR00355,19,Masculino,68,16,1,25,Premium,Annual,1013.52,10,1
TR00356,19,Masculino,6,20,3,11,Standard,Annual,472.76,15,0
TR00357,66,Masculino,26,28,2,24,Premium,Monthly,1013.01,16,0
TR00358,63,Feminino,11,25,0,15,Basic,Monthly,234.7,13,0
TR00359,45,Feminino,13,22,11,29,Basic,Quarterly,272.74,6,1
TR00360,49,Feminino,47,13,2,10,Premium,Monthly,1203.07,4,0
TR00361,58,Feminino,64,31,4,15,Standard,Quarterly,654.82,20,1
TR00362,26,Masculino,43,7,8,14,Premium,Monthly,1098.59,3,1
TR00363,31,Feminino,60,14,6,18,Standard,Annual,669.05,13,1
TR00364,37,Masculino,68,34,4,20,Premium,Monthly,1176.85,7,0
TR00365,58,Feminino,65,17,4,4,Standard,Monthly,675.31,4,1
TR00366,60,Feminino,13,3,8,17,Basic,Monthly,261.77,4,1
TR00367,71,Feminino,43,25,4,13,Basic,Monthly,337.34,1,1
TR00368,72,Masculino,6,15,5,23,Basic,Annual,240.59,1,0
TR00369,57,Masculino,35,30,5,7,Basic,Quarterly,329.67,11,0
TR00370,53,Masculino,54,23,11,30,Standard,Quarterly,757.36,8,1
TR00371,58,Feminino,43,1,5,19,Standard,Monthly,700.04,14,1
TR00372,44,Masculino,11,12,7,18,Standard,Quarterly,556.51,20,1
TR00373,30,Feminino,64,18,9,8,Basic,Quarterly,562.49,19,0
TR00374,40,Masculino,13,35,0,15,Basic,Quarterly,275.65,17,0
TR00375,54,Feminino,67,6,2,21,Basic,Monthly,340.73,1,0
TR00376,62,Masculino,49,15,5,26,Standard,Monthly,771.15,2,1
TR00377,20,Masculino,11,27,3,10,Premium,Quarterly,930.48,18,0
TR00378,20,Feminino,18,5,4,10,Premium,Quarterly,895.33,0,0
TR00379,59,Masculino,64,34,5,14,Basic,Quarterly,565.32,20,1
TR00380,19,Masculino,18,16,2,16,Standard,Quarterly,541.75,20,1
TR00381,60,Feminino,45,21,6,12,Basic,Monthly,354.58,15,1
TR00382,62,Feminino,66,12,7,13,Premium,Quarterly,1068.97,6,0
TR00383,26,Masculino,50,11,10,12,Premium,Monthly,1148.33,21,1
TR00384,40,Masculino,68,34,3,0,Basic,Monthly,467.6,9,0
TR00385,71,Masculino,49,8,12,19,Premium,Quarterly,1068.03,17,1
TR00386,48,Masculino,72,27,12,1,Premium,Monthly,1114.56,15,0
TR00387,38,Masculino,10,23,3,20,Premium,Monthly,925.61,23,1
TR00388,19,Feminino,64,1,10,27,Premium,Quarterly,1133.66,1,1
TR00389,43,Feminino,10,31,6,18,Basic,Annual,245.18,4,0
TR00390,59,Feminino,14,4,5,1,Basic,Quarterly,287.31,23,1
TR00391,48,Feminino,18,17,0,16,Basic,Monthly,262.61,22,1
TR00392,25,Masculino,14,3,9,23,Standard,Monthly,572.62,0,1
TR00393,19,Masculino,40,35,0,3,Standard,Quarterly,624.6,0,0
TR00394,34,Feminino,34,3,2,13,Standard,Annual,700.25,14,0
TR00395,60,Masculino,27,32,9,26,Premium,Annual,1020.74,5,0
TR00396,40,Masculino,62,3,8,29,Premium,Quarterly,1083.74,21,1
TR00397,34,Feminino,64,17,9,28,Premium,Quarterly,1090.79,22,1
TR00398,29,Masculino,7,29,4,22,Standard,Monthly,498.38,16,1
TR00399,63,Masculino,40,13,11,10,Premium,Annual,1001.33,8,0
TR00400,63,Masculino,66,34,4,0,Standard,Monthly,790.36,3,0
TR00401,69,Masculino,28,16,12,10,Basic,Quarterly,310.92,19,1
TR00402,19,Feminino,51,16,0,2,Standard,Quarterly,723.92,12,0
TR00403,74,Masculino,13,23,8,25,Premium,Annual,908.76,17,1
TR00404,43,Masculino,3,20,12,27,Standard,Monthly,490.11,22,0
TR00405,36,Feminino,6,4,12,11,Basic,Annual,212.93,8,1
TR00406,60,Feminino,18,18,10,12,Standard,Annual,586.31,13,1
TR00407,48,Masculino,37,30,0,9,Standard,Annual,603.99,21,0
TR00408,19,Masculino,22,31,10,28,Standard,Quarterly,591.57,16,1
TR00409,58,Feminino,24,15,6,10,Premium,Annual,932.57,24,1
TR00410,57,Feminino,27,1,6,10,Standard,Quarterly,529.86,11,1
TR00411,74,Masculino,52,6,4,30,Standard,Monthly,588.44,7,1
TR00412,66,Feminino,35,25,2,4,Premium,Monthly,1055.66,3,0
TR00413,64,Masculino,11,24,0,20,Standard,Monthly,543.64,22,1
TR00414,49,Feminino,14,8,4,9,Basic,Monthly,227.39,18,1
TR00415,57,Masculino,48,34,1,23,Basic,Quarterly,477.0,3,0
TR00416,53,Masculino,60,11,7,24,Basic,Annual,339.64,6,0
TR00417,52,Feminino,42,17,10,19,Basic,Monthly,325.82,4,0
TR00418,54,Masculino,67,8,7,15,Premium,Annual,1230.15,2,1
TR00419,68,Feminino,20,18,6,12,Standard,Annual,554.49,6,1
TR00420,43,Masculino,6,25,7,3,Premium,Quarterly,962.51,12,0
TR00421,19,Feminino,33,12,8,4,Premium,Annual,1038.03,9,0
TR00422,61,Feminino,26,14,4,4,Premium,Annual,992.43,1,0
TR00423,73,Feminino,18,3,6,0,Premium,Quarterly,984.43,9,0
TR00424,30,Feminino,25,29,8,26,Standard,Quarterly,567.69,18,1
TR00425,38,Feminino,26,14,12,9,Premium,Quarterly,1029.0,11,0
TR00426,49,Masculino,59,6,1,9,Basic,Monthly,281.51,8,1
TR00427,55,Masculino,64,12,0,18,Standard,Monthly,642.7,12,0
TR00428,56,Masculino,21,30,11,10,Premium,Annual,943.62,12,1
TR00429,23,Feminino,34,22,3,21,Premium,Annual,970.3,9,0
TR00430,34,Masculino,48,9,6,10,Basic,Monthly,369.52,16,1
TR00431,67,Masculino,32,1,9,12,Premium,Quarterly,1040.32,5,1
TR00432,35,Feminino,72,31,2,25,Basic,Quarterly,394.23,10,0
TR00433,33,Feminino,49,28,12,3,Premium,Monthly,1033.3,3,1
TR00434,36,Masculino,68,29,1,6,Premium,Annual,1047.96,14,0
TR00435,52,Feminino,57,3,3,1,Standard,Annual,757.51,9,1
TR00436,35,Masculino,44,9,0,10,Basic,Monthly,429.8,20,1
TR00437,33,Masculino,27,29,8,18,Standard,Monthly,661.47,17,1
TR00438,39,Masculino,60,11,1,8,Standard,Annual,761.53,5,1
TR00439,40,Feminino,6,24,5,18,Standard,Monthly,552.19,6,1
TR00440,19,Feminino,36,8,1,0,Standard,Quarterly,598.07,3,0
TR00441,44,Feminino,33,13,7,22,Basic,Annual,341.04,3,1
TR00442,63,Masculino,65,14,0,27,Premium,Annual,1141.12,20,0
TR00443,37,Masculino,34,16,1,1,Premium,Annual,1067.26,1,0
TR00444,51,Masculino,54,2,3,19,Standard,Monthly,773.91,13,1
TR00445,72,Masculino,72,24,8,7,Basic,Quarterly,474.39,23,0
TR00446,53,Masculino,25,8,10,29,Premium,Monthly,1001.1,7,1
TR00447,39,Masculino,54,16,0,9,Basic,Quarterly,408.98,16,0
TR00448,64,Feminino,26,31,5,17,Standard,Monthly,631.32,21,0
TR00449,56,Masculino,7,5,3,29,Standard,Quarterly,525.54,21,1
TR00450,39,Masculino,58,35,4,8,Standard,Quarterly,821.62,16,0
TR00451,38,Feminino,65,4,12,8,Standard,Quarterly,809.29,14,1
TR00452,52,Feminino,36,1,10,23,Premium,Quarterly,1097.01,23,1
TR00453,47,Feminino,15,34,11,18,Standard,Monthly,544.43,17,1
TR00454,39,Feminino,26,20,0,5,Basic,Annual,368.9,9,0
TR00455,24,Masculino,29,5,5,17,Standard,Annual,625.53,2,1
TR00456,42,Feminino,62,13,1,15,Premium,Quarterly,1089.67,19,1
TR00457,47,Masculino,24,16,1,29,Premium,Annual,962.14,21,1
TR00458,46,Feminino,44,31,2,5,Standard,Quarterly,752.93,8,0
TR00459,54,Feminino,49,13,1,12,Standard,Quarterly,627.52,21,0
TR00460,20,Feminino,45,4,7,1,Basic,Annual,342.12,14,0
TR00461,57,Masculino,20,22,0,1,Standard,Quarterly,613.12,0,0
TR00462,38,Feminino,50,3,4,30,Standard,Annual,787.4,14,1
TR00463,75,Feminino,15,7,3,1,Standard,Quarterly,572.77,9,1
TR00464,19,Masculino,29,13,3,14,Standard,Quarterly,540.59,6,0
TR00465,28,Feminino,19,6,0,20,Standard,Monthly,573.03,11,1
TR00466,49,Masculino,59,14,3,30,Basic,Monthly,524.21,17,1
TR00467,43,Feminino,60,10,12,17,Standard,Annual,737.54,21,1
TR00468,25,Feminino,45,10,9,9,Premium,Annual,1155.49,11,1
TR00469,41,Masculino,18,18,6,8,Basic,Quarterly,331.19,2,0
TR00470,63,Masculino,1,8,11,1,Basic,Quarterly,213.97,4,1
TR00471,50,Feminino,67,3,1,8,Standard,Monthly,792.1,20,0
TR00472,24,Feminino,32,30,8,17,Basic,Quarterly,361.72,23,1
TR00473,65,Feminino,22,3,8,6,Premium,Annual,961.09,11,0
TR00474,53,Masculino,18,23,2,26,Basic,Annual,263.41,14,1
TR00475,67,Feminino,2,4,5,9,Standard,Quarterly,551.69,4,0
TR00476,34,Masculino,11,25,1,14,Standard,Annual,551.3,11,1
TR00477,44,Masculino,27,31,9,10,Premium,Annual,1055.92,2,0
TR00478,52,Masculino,60,8,8,10,Premium,Annual,1073.29,9,0
TR00479,75,Feminino,20,7,5,22,Standard,Quarterly,581.99,5,1
TR00480,26,Masculino,46,33,10,1,Premium,Quarterly,1097.96,18,1
TR00481,56,Masculino,71,12,9,29,Standard,Monthly,817.36,3,1
TR00482,74,Masculino,55,7,11,10,Premium,Monthly,1140.38,22,1
TR00483,66,Masculino,47,26,6,13,Standard,Monthly,820.49,23,1
TR00484,69,Feminino,48,32,2,7,Premium,Monthly,1038.64,12,0
TR00485,22,Masculino,47,10,9,1,Standard,Monthly,640.56,12,1
TR00486,68,Feminino,22,23,6,17,Standard,Monthly,647.34,4,1
TR00487,51,Masculino,57,28,7,25,Standard,Monthly,763.08,3,1
TR00488,43,Feminino,54,8,3,22,Basic,Annual,339.39,19,0
TR00489,73,Masculino,22,24,8,7,Premium,Quarterly,935.28,5,0
TR00490,62,Masculino,67,6,3,25,Standard,Annual,838.37,5,1
TR00491,33,Masculino,38,12,1,21,Basic,Annual,409.22,11,0
TR00492,69,Masculino,71,29,0,13,Standard,Monthly,919.86,2,0
TR00493,19,Masculino,7,23,12,18,Premium,Monthly,931.23,16,1
TR00494,64,Masculino,25,12,4,1,Premium,Monthly,1043.04,9,0
TR00495,74,Feminino,41,28,2,22,Premium,Quarterly,1052.81,22,0
TR00496,18,Masculino,14,21,3,24,Basic,Quarterly,286.23,24,1
TR00497,25,Masculino,35,23,0,14,Premium,Annual,1102.57,24,0
TR00498,52,Masculino,36,16,6,2,Basic,Monthly,293.85,17,1
TR00499,34,Feminino,30,23,9,27,Basic,Annual,326.72,21,1
TR00500,30,Masculino,8,35,0,25,Premium,Quarterly,959.5,23,0
TR00501,26,Feminino,12,13,8,14,Standard,Annual,584.37,24,1
TR00502,41,Masculino,11,19,2,22,Basic,Annual,236.48,11,1
TR00503,42,Feminino,35,28,12,3,Standard,Quarterly,584.87,1,0
TR00504,63,Feminino,68,35,9,19,Basic,Monthly,354.41,2,0
TR00505,23,Masculino,9,23,8,9,Premium,Monthly,910.13,14,1
TR00506,39,Masculino,65,11,0,24,Premium,Quarterly,1040.1,0,0
TR00507,75,Feminino,55,12,1,10,Standard,Annual,630.5,5,0
TR00508,35,Feminino,37,10,5,15,Basic,Quarterly,354.97,21,1
TR00509,18,Masculino,6,1,11,18,Premium,Annual,898.22,22,1
TR00510,62,Masculino,8,23,2,1,Basic,Quarterly,231.88,15,0
TR00511,64,Feminino,8,1,4,17,Basic,Monthly,199.01,12,0
TR00512,72,Feminino,7,22,9,1,Standard,Monthly,554.28,11,1
TR00513,75,Masculino,32,11,12,5,Standard,Quarterly,627.85,4,1
TR00514,69,Feminino,25,18,9,8,Basic,Monthly,320.89,6,0
TR00515,36,Masculino,20,3,10,7,Basic,Quarterly,256.46,3,0
TR00516,25,Masculino,59,29,6,8,Basic,Monthly,330.6,14,0
TR00517,43,Masculino,30,33,4,15,Standard,Quarterly,590.27,16,1
TR00518,32,Masculino,40,11,2,29,Basic,Annual,420.52,8,1
TR00519,19,Masculino,36,11,2,29,Standard,Quarterly,620.86,14,1
TR00520,59,Feminino,4,4,9,9,Basic,Monthly,195.67,19,1
TR00521,30,Masculino,29,2,11,5,Standard,Monthly,553.76,24,1
TR00522,51,Masculino,57,7,9,1,Premium,Monthly,1199.55,8,1
TR00523,42,Masculino,8,32,3,5,Premium,Annual,970.89,9,0
TR00524,64,Feminino,59,21,11,28,Premium,Monthly,1198.7,0,0
TR00525,24,Feminino,62,13,12,29,Premium,Annual,1110.65,0,1
TR00526,73,Masculino,23,4,4,26,Standard,Annual,598.26,3,1
TR00527,49,Masculino,1,18,7,0,Premium,Monthly,897.03,4,0
TR00528,67,Feminino,52,11,2,6,Basic,Monthly,487.13,13,1
TR00529,40,Masculino,32,25,1,7,Standard,Quarterly,645.88,0,0
TR00530,33,Feminino,12,26,2,7,Premium,Quarterly,911.85,3,0
TR00531,51,Feminino,43,26,1,1,Premium,Annual,1102.82,15,0
TR00532,47,Masculino,48,26,11,14,Premium,Quarterly,1118.88,21,0
TR00533,73,Masculino,10,1,2,25,Premium,Quarterly,905.83,8,1
TR00534,69,Masculino,2,1,6,15,Premium,Quarterly,908.14,7,1
TR00535,68,Feminino,10,22,11,17,Basic,Quarterly,267.77,21,1
TR00536,28,Feminino,18,14,4,28,Standard,Annual,576.87,19,1
TR00537,43,Feminino,36,33,7,4,Standard,Quarterly,602.83,14,0
TR00538,61,Masculino,39,27,5,12,Premium,Quarterly,1064.84,23,1
TR00539,36,Feminino,70,35,3,9,Premium,Annual,1067.02,24,0
TR00540,45,Masculino,66,22,10,30,Basic,Quarterly,348.18,15,1
TR00541,62,Masculino,57,21,12,9,Premium,Quarterly,1207.99,10,0
TR00542,57,Feminino,33,15,12,11,Standard,Annual,696.26,6,0
TR00543,51,Feminino,4,34,4,14,Standard,Monthly,555.51,10,1
TR00544,65,Feminino,30,11,8,9,Basic,Quarterly,268.07,5,0
TR00545,19,Feminino,8,28,7,25,Premium,Annual,935.84,2,0
TR00546,25,Feminino,14,4,2,12,Standard,Monthly,501.85,1,1
TR00547,61,Feminino,18,33,10,26,Standard,Quarterly,533.5,15,1
TR00548,39,Feminino,7,6,4,26,Standard,Quarterly,512.43,18,1
TR00549,60,Masculino,10,29,6,11,Basic,Quarterly,217.24,23,0
TR00550,52,Masculino,18,2,10,4,Basic,Monthly,304.21,11,1
TR00551,75,Masculino,39,6,5,20,Standard,Annual,735.04,9,0
TR00552,63,Masculino,63,27,2,22,Standard,Quarterly,861.16,23,1
TR00553,49,Feminino,3,15,10,12,Premium,Quarterly,891.95,9,1
TR00554,65,Masculino,2,11,12,17,Premium,Quarterly,879.37,24,1
TR00555,57,Feminino,19,14,3,20,Basic,Monthly,297.2,24,1
TR00556,56,Feminino,47,21,8,16,Premium,Annual,1147.42,22,1
TR00557,21,Masculino,38,31,4,30,Standard,Annual,635.11,10,1
TR00558,37,Feminino,64,34,4,15,Premium,Monthly,1109.85,22,0
TR00559,66,Masculino,21,15,5,7,Basic,Annual,334.92,12,0
TR00560,74,Feminino,11,2,3,28,Basic,Quarterly,202.44,5,1
TR00561,35,Feminino,53,24,12,9,Standard,Annual,642.02,1,0
TR00562,43,Feminino,41,30,11,3,Standard,Quarterly,726.02,10,0
TR00563,50,Feminino,16,18,2,26,Basic,Annual,315.84,18,1
TR00564,61,Masculino,31,9,2,24,Premium,Quarterly,1046.43,12,0
TR00565,53,Masculino,53,17,4,20,Premium,Annual,1053.95,8,1
TR00566,44,Feminino,28,32,4,5,Premium,Quarterly,1070.25,22,0
TR00567,37,Masculino,43,29,1,8,Basic,Annual,326.23,5,0
TR00568,22,Feminino,58,29,9,16,Standard,Monthly,732.54,24,1
TR00569,31,Feminino,3,28,0,2,Basic,Annual,163.98,24,1
TR00570,75,Masculino,2,32,12,29,Standard,Monthly,489.22,11,1
TR00571,30,Feminino,7,8,10,4,Premium,Quarterly,886.79,21,1
TR00572,34,Feminino,63,29,3,25,Standard,Monthly,768.92,5,0
TR00573,37,Feminino,62,20,12,29,Basic,Monthly,509.8,7,1
TR00574,62,Masculino,6,12,7,16,Basic,Monthly,187.95,9,1
TR00575,36,Masculino,61,34,1,12,Basic,Monthly,419.92,16,0
TR00576,50,Masculino,23,26,7,2,Premium,Quarterly,1005.36,17,0
TR00577,52,Masculino,50,5,3,8,Basic,Monthly,458.1,17,1
TR00578,70,Masculino,7,20,11,19,Premium,Quarterly,969.97,13,1
TR00579,37,Feminino,29,34,8,8,Standard,Monthly,539.82,18,0
TR00580,71,Feminino,43,25,12,25,Premium,Monthly,1150.59,24,1
TR00581,25,Masculino,58,21,4,29,Basic,Quarterly,444.91,13,1
TR00582,48,Feminino,42,31,5,5,Basic,Annual,332.02,14,0
TR00583,55,Feminino,24,27,7,7,Standard,Quarterly,574.56,16,0
TR00584,47,Masculino,19,12,0,7,Basic,Quarterly,303.02,21,1
TR00585,37,Masculino,71,33,0,29,Standard,Annual,709.77,4,0
TR00586,71,Masculino,44,25,4,28,Premium,Annual,1125.89,2,0
TR00587,34,Feminino,9,35,10,4,Premium,Annual,917.58,0,0
TR00588,30,Masculino,61,30,3,12,Basic,Quarterly,391.96,3,0
TR00589,68,Masculino,16,2,9,23,Premium,Monthly,962.57,17,1
TR00590,67,Masculino,61,34,4,21,Basic,Quarterly,571.12,4,0
TR00591,57,Masculino,61,13,8,30,Standard,Monthly,600.0,13,1
TR00592,21,Masculino,25,33,8,0,Basic,Monthly,324.87,24,1
TR00593,59,Feminino,62,19,10,17,Premium,Quarterly,1106.55,0,0
TR00594,22,Feminino,67,13,11,19,Basic,Monthly,598.22,14,1
TR00595,50,Masculino,61,14,5,4,Basic,Annual,510.93,23,1
TR00596,71,Masculino,2,16,5,14,Premium,Annual,934.78,2,0
TR00597,67,Masculino,33,33,1,0,Basic,Monthly,292.17,4,0
TR00598,75,Masculino,47,35,2,9,Premium,Quarterly,1019.16,21,0
TR00599,38,Masculino,52,34,11,0,Premium,Monthly,1176.48,4,0
TR00600,43,Feminino,56,18,1,23,Standard,Quarterly,714.68,0,0
TR00601,65,Feminino,63,20,7,22,Basic,Monthly,548.63,24,1
TR00602,32,Feminino,14,4,2,15,Basic,Quarterly,221.1,6,1
TR00603,72,Masculino,43,13,1,30,Basic,Monthly,312.83,20,1
TR00604,58,Feminino,30,17,11,12,Standard,Quarterly,619.08,18,0
TR00605,52,Masculino,22,7,3,12,Standard,Quarterly,578.95,14,1
TR00606,63,Feminino,16,15,5,25,Standard,Monthly,510.05,3,1
TR00607,64,Masculino,27,22,3,16,Standard,Monthly,598.68,19,0
TR00608,29,Feminino,5,1,11,28,Standard,Quarterly,507.07,19,0
TR00609,29,Masculino,12,35,6,16,Premium,Annual,952.75,9,0
TR00610,26,Feminino,19,14,9,29,Basic,Monthly,222.62,7,1
TR00611,43,Feminino,8,9,6,25,Basic,Monthly,211.12,2,1
TR00612,59,Feminino,61,23,4,30,Basic,Annual,330.81,8,0
TR00613,48,Masculino,45,5,7,2,Basic,Annual,421.61,10,1
TR00614,44,Feminino,25,31,1,30,Basic,Annual,334.14,5,0
TR00615,46,Masculino,64,20,2,28,Standard,Monthly,871.86,1,1
TR00616,18,Masculino,57,13,1,24,Premium,Annual,1158.78,19,1
TR00617,36,Feminino,18,14,0,27,Basic,Annual,295.87,9,0
TR00618,34,Feminino,62,21,5,22,Basic,Quarterly,403.2,8,0
TR00619,58,Feminino,29,25,0,12,Premium,Monthly,1030.05,3,0
TR00620,52,Feminino,34,12,5,10,Premium,Quarterly,1041.71,0,1
TR00621,64,Masculino,21,34,7,20,Standard,Monthly,565.55,23,1
TR00622,72,Feminino,48,16,6,3,Premium,Quarterly,1037.86,6,0
TR00623,44,Feminino,3,33,7,26,Standard,Quarterly,506.45,6,0
TR00624,56,Feminino,35,13,9,19,Basic,Monthly,270.93,12,1
TR00625,50,Feminino,12,27,4,25,Basic,Annual,275.5,14,1
TR00626,42,Masculino,9,4,4,14,Standard,Annual,562.52,1,1
TR00627,28,Masculino,1,3,6,17,Standard,Quarterly,524.13,9,1
TR00628,42,Masculino,68,35,2,2,Basic,Quarterly,535.07,23,0
TR00629,29,Feminino,36,18,2,0,Basic,Quarterly,290.75,0,1
TR00630,36,Feminino,6,11,1,23,Basic,Monthly,260.32,4,1
TR00631,65,Feminino,56,30,6,24,Basic,Annual,338.45,20,0
TR00632,50,Masculino,5,26,12,26,Standard,Monthly,494.79,18,1
TR00633,60,Masculino,56,34,2,6,Standard,Annual,692.15,24,0
TR00634,28,Feminino,72,6,7,0,Basic,Quarterly,466.08,6,0
TR00635,70,Masculino,40,25,3,27,Basic,Monthly,416.43,12,1
TR00636,40,Feminino,32,2,7,11,Basic,Quarterly,382.45,3,1
TR00637,31,Feminino,69,14,11,2,Premium,Quarterly,1339.12,13,0
TR00638,24,Feminino,26,24,12,19,Premium,Quarterly,973.17,20,1
TR00639,58,Masculino,63,11,9,28,Standard,Quarterly,732.35,17,1
TR00640,23,Masculino,68,29,2,21,Basic,Monthly,541.71,1,0
TR00641,68,Feminino,38,5,10,9,Basic,Annual,334.0,20,1
TR00642,48,Feminino,71,30,4,8,Basic,Quarterly,422.19,23,1
TR00643,74,Masculino,64,5,3,17,Basic,Annual,537.0,11,0
TR00644,63,Feminino,47,28,11,20,Standard,Monthly,703.37,1,0
TR00645,57,Masculino,20,12,11,1,Standard,Monthly,534.07,20,1
TR00646,56,Feminino,70,24,2,6,Standard,Monthly,741.97,14,0
TR00647,51,Masculino,20,25,6,30,Basic,Annual,272.4,8,0
TR00648,32,Masculino,49,10,12,15,Basic,Monthly,447.83,16,1
TR00649,49,Masculino,24,31,1,18,Standard,Monthly,640.21,17,0
TR00650,39,Masculino,50,20,6,0,Basic,Annual,470.26,16,0
TR00651,58,Feminino,47,25,11,23,Standard,Annual,708.68,15,1
TR00652,52,Masculino,32,34,12,17,Standard,Monthly,564.42,13,1
TR00653,32,Feminino,5,6,7,16,Basic,Monthly,221.37,5,1
TR00654,46,Feminino,30,5,8,9,Premium,Monthly,1020.89,17,1
TR00655,74,Masculino,7,4,2,5,Premium,Monthly,973.99,12,0
TR00656,33,Masculino,56,5,7,7,Standard,Monthly,836.38,4,1
TR00657,73,Masculino,57,1,2,22,Basic,Annual,353.68,6,1
TR00658,62,Masculino,24,19,9,6,Premium,Quarterly,1002.32,22,1
TR00659,46,Masculino,44,24,9,23,Premium,Quarterly,1055.27,1,1
TR00660,26,Feminino,13,30,9,26,Premium,Monthly,987.53,2,1
TR00661,30,Masculino,67,10,0,13,Premium,Monthly,1199.6,22,0
TR00662,51,Masculino,54,12,11,7,Basic,Annual,515.19,16,1
TR00663,72,Masculino,5,23,12,15,Standard,Annual,487.33,12,1
TR00664,20,Masculino,43,17,4,13,Standard,Monthly,733.95,2,0
TR00665,51,Masculino,14,20,5,1,Standard,Quarterly,538.43,11,1
TR00666,27,Feminino,49,23,5,22,Standard,Annual,688.97,3,1
TR00667,71,Masculino,61,5,8,15,Standard,Monthly,743.85,16,1
TR00668,32,Masculino,52,35,1,23,Standard,Quarterly,652.73,22,0
TR00669,50,Feminino,44,24,4,13,Premium,Annual,1110.77,5,0
TR00670,67,Masculino,65,22,1,7,Premium,Annual,1257.56,23,0
TR00671,62,Masculino,22,11,8,19,Basic,Annual,271.64,3,1
TR00672,33,Feminino,4,33,7,0,Basic,Monthly,250.0,2,1
TR00673,24,Feminino,61,16,0,29,Standard,Quarterly,677.59,1,1
TR00674,47,Masculino,64,20,3,9,Premium,Quarterly,1269.99,17,0
TR00675,68,Feminino,13,13,12,22,Premium,Monthly,953.05,0,1
TR00676,29,Masculino,22,20,8,24,Premium,Quarterly,1016.39,2,1
TR00677,49,Feminino,11,14,1,8,Basic,Quarterly,285.06,9,0
TR00678,58,Masculino,18,24,12,3,Premium,Monthly,1021.3,20,1
TR00679,37,Masculino,1,28,5,21,Basic,Monthly,253.78,14,1
TR00680,58,Feminino,24,35,10,22,Premium,Quarterly,1036.3,9,0
TR00681,65,Feminino,65,27,10,2,Standard,Quarterly,843.5,12,0
TR00682,40,Masculino,29,24,0,11,Premium,Monthly,1006.98,10,0
TR00683,45,Feminino,8,11,12,13,Standard,Quarterly,532.2,8,1
TR00684,24,Feminino,3,29,7,11,Basic,Annual,263.45,18,1
TR00685,40,Masculino,34,2,11,22,Standard,Monthly,573.05,20,1
TR00686,25,Feminino,51,22,0,20,Standard,Monthly,647.83,17,1
TR00687,54,Masculino,15,15,4,27,Standard,Monthly,569.06,1,0
TR00688,51,Feminino,33,24,4,22,Standard,Annual,624.87,2,0
TR00689,29,Masculino,24,30,10,30,Basic,Quarterly,310.83,9,1
TR00690,42,Masculino,4,32,11,27,Premium,Quarterly,955.72,20,1
TR00691,73,Masculino,2,8,2,16,Basic,Monthly,173.41,10,1
TR00692,25,Masculino,41,9,5,23,Standard,Monthly,617.3,9,1
TR00693,34,Feminino,54,21,11,4,Premium,Quarterly,1071.62,14,0
TR00694,61,Masculino,67,21,9,10,Standard,Annual,708.84,10,1
TR00695,31,Feminino,70,30,0,26,Premium,Annual,1297.6,23,1
TR00696,74,Masculino,7,7,3,17,Standard,Quarterly,538.31,23,0
TR00697,18,Masculino,62,5,0,26,Basic,Annual,315.44,22,0
TR00698,62,Feminino,36,13,12,26,Premium,Annual,1121.78,14,1
TR00699,69,Masculino,51,25,11,13,Standard,Quarterly,696.97,3,0
TR00700,75,Masculino,72,21,7,26,Premium,Monthly,1184.12,15,1
TR00701,27,Masculino,48,18,8,6,Basic,Annual,384.58,16,1
TR00702,67,Masculino,71,27,11,7,Standard,Annual,714.94,14,0
TR00703,61,Feminino,30,24,8,18,Standard,Quarterly,584.93,20,1
TR00704,37,Feminino,63,31,10,21,Standard,Monthly,835.07,6,1
TR00705,46,Masculino,56,16,2,28,Standard,Annual,791.7,20,1
TR00706,39,Feminino,8,30,1,28,Basic,Quarterly,242.61,8,0
TR00707,64,Masculino,60,14,10,28,Basic,Quarterly,457.76,3,1
TR00708,59,Masculino,29,6,11,24,Standard,Quarterly,584.23,7,1
TR00709,58,Feminino,21,1,9,6,Premium,Monthly,1059.14,3,1
TR00710,26,Masculino,72,9,0,6,Basic,Monthly,484.47,24,0
TR00711,53,Feminino,60,14,2,6,Premium,Monthly,1074.91,19,1
TR00712,23,Masculino,36,3,2,19,Standard,Monthly,634.39,3,1
TR00713,36,Masculino,44,25,9,18,Premium,Quarterly,959.69,18,1
TR00714,28,Feminino,22,17,9,2,Standard,Quarterly,558.56,16,0
TR00715,54,Masculino,45,32,1,5,Premium,Quarterly,1031.49,15,0
TR00716,58,Feminino,65,34,4,17,Premium,Monthly,1132.4,12,0
TR00717,38,Masculino,10,14,10,20,Basic,Quarterly,191.37,10,1
TR00718,47,Masculino,50,1,0,15,Premium,Monthly,1014.29,23,1
TR00719,39,Masculino,32,35,2,13,Standard,Annual,602.42,24,1
TR00720,46,Masculino,55,26,7,10,Premium,Monthly,1054.82,18,1
TR00721,37,Masculino,17,12,8,4,Premium,Quarterly,1020.78,22,1
TR00722,50,Feminino,18,22,1,4,Standard,Monthly,566.88,24,1
TR00723,60,Masculino,59,24,12,4,Basic,Quarterly,553.04,17,1
TR00724,29,Feminino,5,29,6,18,Premium,Quarterly,925.68,10,0
TR00725,60,Masculino,18,16,7,3,Premium,Monthly,958.36,17,0
TR00726,50,Masculino,58,11,2,24,Basic,Monthly,544.57,22,1
TR00727,67,Masculino,51,16,10,19,Standard,Quarterly,725.26,1,1
TR00728,63,Masculino,37,24,8,23,Premium,Annual,972.19,5,1
TR00729,74,Feminino,59,11,2,3,Premium,Monthly,1000.33,12,0
TR00730,38,Feminino,27,22,8,0,Standard,Monthly,660.69,24,1
TR00731,41,Feminino,68,21,9,29,Basic,Quarterly,532.92,21,1
TR00732,64,Masculino,25,1,12,9,Basic,Quarterly,383.66,9,1
TR00733,46,Feminino,29,22,0,7,Premium,Quarterly,1001.95,1,0
TR00734,21,Feminino,41,2,10,3,Basic,Quarterly,362.49,0,0
TR00735,65,Masculino,33,10,5,25,Standard,Monthly,643.54,11,1
TR00736,37,Masculino,17,30,3,13,Premium,Quarterly,964.13,8,1
TR00737,62,Masculino,47,20,6,3,Premium,Monthly,1121.43,24,1
TR00738,26,Feminino,3,21,10,28,Basic,Annual,210.02,24,0
TR00739,18,Masculino,57,1,0,25,Basic,Quarterly,321.18,0,0
TR00740,52,Masculino,68,16,11,4,Premium,Quarterly,1262.41,13,0
TR00741,54,Masculino,55,32,0,4,Standard,Annual,695.81,17,0
TR00742,75,Feminino,49,6,0,0,Basic,Quarterly,322.78,10,0
TR00743,70,Masculino,45,6,5,27,Premium,Quarterly,1129.3,17,1
TR00744,31,Masculino,28,2,10,15,Premium,Quarterly,996.86,13,1
TR00745,56,Feminino,34,17,9,28,Basic,Quarterly,355.29,20,1
TR00746,68,Masculino,30,10,4,16,Standard,Quarterly,547.64,15,1
TR00747,23,Masculino,71,2,11,16,Premium,Monthly,1227.65,13,1
TR00748,28,Feminino,42,5,1,16,Premium,Monthly,1085.62,5,0
TR00749,22,Masculino,28,20,9,20,Premium,Monthly,1105.6,18,1
TR00750,19,Masculino,24,11,10,14,Premium,Annual,1029.94,14,1
TR00751,40,Feminino,10,26,0,16,Basic,Quarterly,283.41,17,0
TR00752,74,Masculino,45,32,3,29,Premium,Monthly,1052.77,11,1
TR00753,27,Feminino,52,26,2,3,Standard,Annual,771.46,13,1
TR00754,35,Masculino,64,35,11,26,Premium,Annual,1221.5,24,0
TR00755,70,Feminino,43,20,5,11,Premium,Annual,1093.35,1,0
TR00756,52,Masculino,72,16,2,15,Basic,Annual,606.02,4,0
TR00757,26,Masculino,46,5,8,3,Basic,Quarterly,397.02,23,1
TR00758,64,Masculino,3,22,10,5,Premium,Quarterly,916.06,9,1
TR00759,37,Feminino,27,29,7,0,Premium,Monthly,1028.49,10,0
TR00760,44,Feminino,56,34,10,24,Basic,Quarterly,442.69,23,1
TR00761,58,Masculino,6,20,10,2,Basic,Monthly,260.43,11,1
TR00762,18,Masculino,32,25,10,15,Standard,Monthly,669.31,15,1
TR00763,28,Masculino,5,31,10,28,Basic,Monthly,195.07,21,1
TR00764,26,Feminino,67,7,4,13,Basic,Monthly,563.59,19,0
TR00765,52,Masculino,25,34,12,17,Standard,Annual,643.53,6,0
TR00766,65,Feminino,65,31,4,21,Premium,Annual,1301.13,18,1
TR00767,54,Masculino,30,6,10,6,Basic,Annual,307.77,10,1
TR00768,22,Masculino,43,17,10,19,Standard,Quarterly,615.7,14,1
TR00769,31,Masculino,9,15,4,23,Premium,Quarterly,962.85,21,1
TR00770,24,Masculino,8,21,4,0,Premium,Monthly,965.83,5,0
TR00771,58,Feminino,72,7,1,30,Standard,Annual,821.77,15,0
TR00772,45,Masculino,29,17,0,24,Premium,Quarterly,1081.43,18,0
TR00773,21,Feminino,57,27,1,3,Standard,Annual,888.88,11,0
TR00774,39,Feminino,50,12,4,18,Premium,Quarterly,1052.19,3,1
TR00775,35,Masculino,41,35,4,2,Premium,Monthly,975.76,20,0
TR00776,70,Feminino,10,13,0,7,Premium,Monthly,988.21,18,1
TR00777,34,Feminino,24,24,7,23,Standard,Monthly,560.67,13,1
TR00778,44,Feminino,36,4,2,4,Standard,Monthly,667.75,0,0
TR00779,20,Feminino,29,1,9,23,Basic,Annual,262.82,23,1
TR00780,56,Feminino,46,16,11,1,Premium,Quarterly,1094.52,22,1
TR00781,26,Feminino,8,17,0,16,Standard,Monthly,548.05,14,1
TR00782,73,Feminino,24,27,8,4,Standard,Annual,600.83,18,0
TR00783,58,Masculino,5,26,7,6,Standard,Quarterly,503.69,1,1
TR00784,19,Masculino,29,35,12,18,Standard,Quarterly,606.53,20,0
TR00785,27,Feminino,32,27,12,24,Basic,Annual,358.4,3,1
TR00786,50,Masculino,39,31,12,0,Basic,Quarterly,287.92,24,1
TR00787,35,Masculino,51,2,12,7,Premium,Monthly,1114.91,15,1
TR00788,54,Masculino,58,15,9,10,Premium,Annual,1173.59,0,0
TR00789,20,Masculino,69,34,2,23,Standard,Quarterly,776.14,10,1
TR00790,33,Feminino,41,22,7,15,Standard,Monthly,763.35,14,0
TR00791,28,Feminino,62,5,2,7,Standard,Quarterly,909.25,2,0
TR00792,42,Feminino,68,13,4,8,Basic,Quarterly,416.33,13,1
TR00793,49,Masculino,12,10,5,18,Basic,Monthly,214.73,0,0
TR00794,63,Feminino,51,16,10,1,Basic,Annual,320.88,9,0
TR00795,35,Feminino,14,8,0,0,Standard,Quarterly,508.62,20,1
TR00796,26,Masculino,33,1,8,21,Basic,Monthly,354.03,23,1
TR00797,59,Feminino,39,12,11,29,Basic,Annual,329.64,8,1
TR00798,49,Feminino,40,22,0,0,Standard,Annual,681.63,22,1
TR00799,47,Feminino,47,22,4,13,Premium,Monthly,1132.52,17,1
TR00800,61,Masculino,38,3,10,9,Standard,Quarterly,598.57,14,1
TR00801,41,Masculino,18,7,3,27,Standard,Monthly,571.83,20,1
TR00802,51,Feminino,43,4,10,27,Standard,Annual,595.95,19,1
TR00803,71,Masculino,46,27,6,7,Basic,Monthly,355.59,4,0
TR00804,50,Feminino,37,33,8,19,Basic,Quarterly,452.4,6,1
TR00805,21,Feminino,72,7,8,22,Basic,Quarterly,486.32,21,1
TR00806,46,Masculino,34,4,5,28,Standard,Annual,599.39,6,0
TR00807,35,Masculino,44,5,5,19,Basic,Annual,279.29,2,1
TR00808,20,Feminino,61,28,7,16,Basic,Quarterly,441.03,22,1
TR00809,48,Feminino,48,35,11,8,Premium,Annual,1073.71,21,1
TR00810,57,Feminino,70,26,3,25,Basic,Quarterly,473.56,8,0
TR00811,61,Masculino,40,30,7,2,Basic,Annual,372.36,15,0
TR00812,74,Masculino,13,25,10,12,Standard,Quarterly,545.15,14,1
TR00813,62,Feminino,36,4,7,29,Premium,Annual,978.16,3,0
TR00814,21,Masculino,64,20,9,25,Basic,Annual,458.16,11,0
TR00815,26,Masculino,19,18,3,27,Standard,Annual,535.75,3,0
TR00816,74,Masculino,31,13,3,16,Premium,Annual,1030.29,16,0
TR00817,54,Feminino,30,5,5,14,Premium,Monthly,1041.57,7,1
TR00818,49,Masculino,63,14,8,7,Basic,Monthly,533.3,8,1
TR00819,47,Masculino,51,13,12,11,Basic,Annual,459.36,6,0
TR00820,57,Feminino,36,33,6,2,Premium,Monthly,1092.53,5,0
TR00821,25,Feminino,50,6,10,13,Premium,Monthly,1125.56,16,1
TR00822,25,Masculino,42,1,3,14,Standard,Monthly,663.87,7,1
TR00823,68,Masculino,31,24,9,8,Premium,Quarterly,1007.91,23,1
TR00824,73,Feminino,54,7,0,2,Standard,Quarterly,725.26,21,0
TR00825,58,Masculino,10,31,12,6,Basic,Monthly,251.76,20,1
TR00826,48,Feminino,38,25,10,6,Basic,Quarterly,374.43,16,1
TR00827,33,Masculino,64,31,7,22,Basic,Annual,426.75,13,1
TR00828,71,Feminino,71,24,9,7,Standard,Annual,685.34,7,0
TR00829,75,Masculino,30,2,3,9,Premium,Monthly,1041.41,20,1
TR00830,36,Masculino,58,13,3,23,Standard,Monthly,609.22,3,0
TR00831,57,Feminino,65,5,12,1,Premium,Annual,1222.27,10,0
TR00832,41,Masculino,50,14,8,13,Standard,Annual,718.68,19,0
TR00833,72,Feminino,46,31,1,21,Basic,Quarterly,333.77,10,0
TR00834,21,Masculino,7,20,3,17,Standard,Annual,542.05,3,0
TR00835,63,Feminino,59,5,5,3,Standard,Quarterly,651.72,11,0
TR00836,58,Feminino,48,21,0,24,Basic,Monthly,349.8,6,1
TR00837,49,Masculino,15,8,4,17,Basic,Quarterly,295.75,3,1
TR00838,27,Masculino,29,20,6,23,Premium,Annual,1002.34,18,1
TR00839,66,Masculino,51,13,3,9,Premium,Annual,1183.62,24,1
TR00840,47,Feminino,14,7,4,28,Premium,Annual,971.05,23,1
TR00841,25,Masculino,64,9,12,16,Standard,Annual,804.1,2,0
TR00842,39,Feminino,33,20,1,14,Basic,Quarterly,251.97,14,1
TR00843,18,Feminino,26,6,9,29,Standard,Monthly,588.2,13,1
TR00844,54,Masculino,12,2,10,22,Premium,Monthly,979.67,8,1
TR00845,62,Masculino,8,20,1,9,Basic,Monthly,198.51,3,0
TR00846,26,Masculino,61,25,5,8,Basic,Quarterly,464.31,20,1
TR00847,20,Masculino,44,3,6,9,Basic,Quarterly,369.5,6,1
TR00848,75,Feminino,32,22,12,9,Standard,Annual,578.98,12,1
TR00849,30,Feminino,47,2,11,0,Premium,Monthly,1087.18,1,0
TR00850,65,Feminino,53,15,1,24,Premium,Quarterly,1202.22,17,0
TR00851,53,Masculino,62,29,12,10,Premium,Annual,1005.83,1,0
TR00852,22,Masculino,32,17,1,27,Standard,Monthly,571.67,3,0
TR00853,30,Masculino,71,6,9,17,Basic,Annual,533.11,17,1
TR00854,74,Masculino,29,16,2,0,Basic,Monthly,268.92,0,0
TR00855,67,Feminino,26,26,12,7,Standard,Quarterly,571.21,2,1
TR00856,65,Masculino,16,25,3,2,Standard,Monthly,581.19,0,0
TR00857,19,Masculino,47,28,12,2,Standard,Annual,638.1,21,1
TR00858,65,Feminino,47,30,2,30,Premium,Quarterly,992.71,7,0
TR00859,32,Feminino,30,4,2,6,Standard,Monthly,576.15,14,1
TR00860,51,Masculino,70,9,8,5,Standard,Quarterly,859.0,6,1
TR00861,50,Feminino,49,30,4,9,Premium,Annual,1080.8,23,0
TR00862,68,Feminino,65,30,3,9,Basic,Quarterly,500.9,9,0
TR00863,42,Feminino,33,16,3,21,Premium,Monthly,983.41,6,1
TR00864,47,Feminino,28,19,3,0,Standard,Monthly,642.77,20,1
TR00865,51,Masculino,17,13,0,9,Standard,Annual,584.14,9,0
TR00866,20,Feminino,56,17,6,18,Standard,Annual,700.02,9,1
TR00867,19,Masculino,40,23,8,11,Basic,Annual,280.03,0,0
TR00868,68,Feminino,71,4,3,6,Basic,Annual,489.34,20,1
TR00869,30,Feminino,52,27,3,29,Standard,Monthly,686.33,13,1
TR00870,43,Feminino,30,21,1,23,Basic,Annual,305.61,3,0
TR00871,33,Masculino,46,13,11,9,Standard,Quarterly,653.99,18,1
TR00872,18,Feminino,11,28,7,25,Basic,Quarterly,211.28,17,0
TR00873,32,Masculino,19,31,11,12,Basic,Monthly,261.3,5,1
TR00874,57,Masculino,33,21,10,9,Premium,Quarterly,991.62,15,0
TR00875,74,Feminino,71,18,2,8,Standard,Quarterly,908.2,5,0
TR00876,27,Feminino,28,27,2,23,Basic,Annual,343.01,20,0
TR00877,35,Feminino,50,26,10,4,Premium,Monthly,1236.61,10,0
TR00878,51,Masculino,11,33,12,27,Premium,Monthly,987.11,11,1
TR00879,74,Masculino,35,31,0,14,Basic,Quarterly,367.82,14,0
TR00880,49,Feminino,44,20,7,18,Standard,Monthly,699.91,11,1
TR00881,27,Feminino,59,23,12,3,Basic,Annual,330.26,6,1
TR00882,68,Masculino,4,10,11,9,Standard,Annual,510.58,21,0
TR00883,47,Masculino,28,4,3,23,Standard,Quarterly,549.06,1,0
TR00884,57,Feminino,60,26,6,16,Premium,Quarterly,1249.3,0,0
TR00885,61,Masculino,20,32,7,3,Basic,Annual,315.7,21,1
TR00886,26,Masculino,44,28,7,5,Standard,Annual,735.49,20,1
TR00887,37,Masculino,31,31,4,27,Basic,Monthly,253.32,16,1
TR00888,47,Masculino,30,35,9,17,Basic,Annual,330.32,21,1
TR00889,67,Masculino,37,32,1,2,Premium,Annual,1068.78,5,0
TR00890,34,Feminino,48,15,7,18,Premium,Monthly,1142.15,18,1
TR00891,50,Masculino,64,10,9,26,Standard,Annual,769.67,0,1
TR00892,68,Feminino,38,34,5,23,Premium,Quarterly,969.38,15,1
TR00893,39,Masculino,32,21,6,17,Premium,Monthly,1002.77,8,1
TR00894,50,Feminino,14,26,8,17,Premium,Annual,970.26,19,1
TR00895,57,Masculino,12,30,12,1,Premium,Quarterly,979.24,17,1
TR00896,55,Feminino,58,30,0,19,Basic,Monthly,414.04,11,0
TR00897,54,Masculino,9,15,9,15,Premium,Monthly,907.39,19,1
TR00898,59,Feminino,43,13,1,8,Standard,Quarterly,590.11,16,1
TR00899,72,Masculino,11,5,7,5,Basic,Quarterly,213.21,11,1
TR00900,52,Feminino,43,6,4,30,Standard,Quarterly,776.71,15,1
TR00901,68,Feminino,18,9,2,9,Basic,Quarterly,208.05,8,0
TR00902,35,Feminino,53,34,6,19,Basic,Annual,520.71,4,0
TR00903,42,Feminino,54,31,4,15,Premium,Monthly,1126.37,17,1
TR00904,72,Feminino,15,24,8,0,Basic,Monthly,260.01,10,1
TR00905,32,Feminino,37,4,7,6,Basic,Quarterly,414.49,3,1
TR00906,53,Feminino,31,21,11,3,Basic,Monthly,399.61,5,1
TR00907,18,Masculino,35,29,4,24,Basic,Annual,376.91,0,0
TR00908,47,Masculino,28,1,10,14,Basic,Monthly,285.57,3,1
TR00909,60,Masculino,51,27,5,5,Basic,Quarterly,362.32,19,0
TR00910,47,Masculino,27,10,11,1,Basic,Monthly,222.44,11,1
TR00911,71,Masculino,26,4,6,16,Premium,Quarterly,1086.7,23,1
TR00912,64,Feminino,9,9,5,12,Premium,Quarterly,921.62,10,0
TR00913,39,Masculino,32,19,9,18,Basic,Quarterly,275.0,15,1
TR00914,19,Feminino,28,9,3,26,Premium,Quarterly,1005.77,16,1
TR00915,28,Feminino,64,13,8,1,Standard,Annual,840.49,22,1
TR00916,31,Feminino,13,28,7,22,Standard,Monthly,540.35,17,1
TR00917,33,Feminino,3,17,5,30,Basic,Annual,229.79,7,1
TR00918,46,Feminino,3,10,9,15,Standard,Quarterly,489.58,13,1
TR00919,39,Feminino,14,22,2,22,Standard,Annual,560.91,21,1
TR00920,41,Masculino,37,19,9,28,Standard,Monthly,589.78,16,1
TR00921,38,Masculino,58,35,5,15,Premium,Monthly,1113.21,16,0
TR00922,59,Masculino,8,31,11,12,Basic,Annual,258.59,4,0
TR00923,33,Masculino,49,10,1,20,Basic,Monthly,498.29,12,1
TR00924,75,Feminino,53,24,9,1,Premium,Quarterly,1054.67,23,1
TR00925,46,Masculino,64,9,7,30,Premium,Monthly,1077.26,17,1
TR00926,67,Masculino,21,26,12,13,Premium,Quarterly,966.49,16,1
TR00927,63,Masculino,37,7,7,10,Premium,Annual,1113.36,13,1
TR00928,66,Feminino,51,9,0,2,Basic,Quarterly,416.29,18,0
TR00929,28,Feminino,64,12,1,16,Standard,Annual,812.49,10,0
TR00930,68,Feminino,10,22,2,12,Basic,Quarterly,249.48,13,1
TR00931,71,Feminino,39,21,11,5,Standard,Annual,655.68,20,0
TR00932,32,Masculino,12,35,6,18,Basic,Quarterly,194.5,9,1
TR00933,29,Masculino,23,31,5,4,Basic,Monthly,262.51,7,0
TR00934,56,Feminino,38,18,1,5,Basic,Annual,277.4,11,0
TR00935,20,Masculino,71,25,9,6,Standard,Quarterly,792.27,6,1
TR00936,49,Masculino,62,6,0,3,Premium,Monthly,1067.78,7,1
TR00937,32,Masculino,63,7,5,7,Premium,Monthly,1179.65,15,1
TR00938,55,Feminino,1,13,4,17,Basic,Monthly,233.69,15,1
TR00939,58,Masculino,13,10,4,28,Premium,Quarterly,986.46,4,0
TR00940,31,Feminino,27,1,10,9,Standard,Quarterly,600.44,7,1
TR00941,22,Feminino,17,14,11,19,Premium,Annual,988.78,23,1
TR00942,50,Masculino,56,11,1,27,Standard,Quarterly,767.66,19,0
TR00943,48,Masculino,17,17,7,14,Standard,Monthly,598.51,3,0
TR00944,68,Feminino,69,5,0,26,Standard,Annual,765.83,18,1
TR00945,19,Masculino,72,8,8,6,Standard,Monthly,811.61,13,1
TR00946,58,Feminino,23,33,9,30,Basic,Monthly,344.84,23,1
TR00947,38,Feminino,32,15,1,1,Standard,Annual,624.41,23,0
TR00948,54,Masculino,61,11,0,23,Standard,Annual,764.11,6,0
TR00949,23,Feminino,35,6,11,26,Basic,Annual,393.43,16,1
TR00950,46,Feminino,31,34,11,16,Standard,Annual,637.54,24,1
TR00951,25,Masculino,68,5,9,2,Premium,Quarterly,1048.43,6,0
TR00952,70,Feminino,22,8,3,8,Standard,Monthly,633.4,3,1
TR00953,50,Masculino,37,8,5,9,Premium,Monthly,990.1,13,1
TR00954,30,Masculino,41,24,6,4,Premium,Quarterly,1043.85,4,0
TR00955,70,Masculino,10,21,3,19,Basic,Monthly,239.07,5,0
TR00956,32,Feminino,25,4,10,13,Basic,Monthly,243.33,0,1
TR00957,65,Masculino,26,8,6,16,Standard,Annual,588.59,21,0
TR00958,54,Feminino,36,28,11,14,Basic,Monthly,381.42,17,1
TR00959,18,Feminino,22,26,6,22,Basic,Quarterly,248.86,14,0
TR00960,40,Masculino,71,2,12,4,Basic,Monthly,621.69,13,1
TR00961,40,Masculino,15,13,3,17,Premium,Monthly,977.1,8,0
TR00962,48,Feminino,41,19,9,9,Standard,Annual,600.61,20,1
TR00963,72,Feminino,69,26,8,9,Premium,Annual,1234.28,17,0
TR00964,40,Masculino,6,35,1,9,Basic,Monthly,198.22,16,1
TR00965,58,Masculino,31,17,2,11,Standard,Annual,597.63,1,0
TR00966,38,Masculino,63,13,2,28,Standard,Annual,687.74,3,0
TR00967,22,Masculino,7,35,5,15,Premium,Monthly,913.95,22,1
TR00968,37,Masculino,64,35,1,20,Standard,Annual,910.12,3,0
TR00969,27,Feminino,22,12,9,30,Basic,Quarterly,264.13,2,1
TR00970,73,Masculino,7,28,5,18,Standard,Monthly,557.35,17,1
TR00971,46,Masculino,52,29,2,11,Standard,Monthly,796.31,11,0
TR00972,34,Masculino,45,34,6,26,Basic,Annual,334.13,0,0
TR00973,36,Feminino,33,12,3,27,Premium,Monthly,928.95,15,1
TR00974,72,Feminino,31,35,5,7,Basic,Quarterly,398.8,20,0
TR00975,42,Feminino,37,19,2,20,Premium,Monthly,989.28,18,1
TR00976,36,Masculino,55,21,1,20,Basic,Monthly,489.76,3,1
TR00977,23,Feminino,6,2,8,18,Basic,Quarterly,234.86,3,1
TR00978,28,Feminino,52,5,1,20,Basic,Quarterly,420.19,23,1
TR00979,45,Feminino,41,23,12,0,Basic,Quarterly,335.79,3,1
TR00980,25,Masculino,57,12,10,11,Standard,Monthly,647.88,3,0
TR00981,47,Feminino,34,7,2,17,Premium,Quarterly,1004.92,23,0
TR00982,37,Masculino,4,1,5,24,Premium,Quarterly,916.32,22,1
TR00983,63,Feminino,55,18,11,29,Basic,Quarterly,340.89,11,1
TR00984,55,Feminino,14,33,8,22,Premium,Quarterly,924.25,3,0
TR00985,20,Feminino,12,5,11,18,Standard,Monthly,508.71,11,1
TR00986,31,Masculino,68,1,12,16,Basic,Annual,606.11,12,1
TR00987,59,Feminino,63,2,7,6,Standard,Monthly,829.97,15,1
TR00988,31,Feminino,6,29,9,1,Basic,Annual,204.13,23,1
TR00989,23,Masculino,60,3,7,8,Premium,Quarterly,1187.7,12,1
TR00990,19,Masculino,62,17,1,24,Basic,Monthly,580.04,20,1
TR00991,33,Masculino,14,22,12,1,Standard,Quarterly,536.59,9,0
TR00992,36,Masculino,2,34,1,27,Basic,Quarterly,215.75,12,1
TR00993,25,Masculino,41,13,1,28,Standard,Annual,686.27,22,1
TR00994,70,Feminino,68,3,0,29,Standard,Annual,641.4,24,1
TR00995,28,Masculino,33,5,6,18,Basic,Monthly,331.17,21,1
TR00996,56,Masculino,51,6,10,24,Standard,Monthly,750.72,21,1
TR00997,63,Feminino,67,32,12,23,Standard,Annual,886.8,24,1
TR00998,56,Feminino,64,27,5,27,Premium,Quarterly,1272.62,15,1
TR00999,18,Feminino,17,30,8,1,Standard,Annual,544.71,5,1
TR01000,41,Masculino,47,31,8,12,Premium,Quarterly,1128.6,1,0
